Accuracy,BAL_ACC,Sensitivity,Specificity,Precision,NPV,F1,AUC,TP,FN,TN,FP,threshold,run_name,modality,target,late_fusion,aggregator,l2_norm,seed,endo_encoder,histo_encoder,n_samples,n_patients,mean_fold_threshold,temperature,alpha
0.7635,0.7391,0.8295,0.6486,0.8045,0.6857,0.8168,0.8093,107,22,48,26,0.26,hinton_kd_BMCLIP_CONCH_TransABMIL_R_HIST_nol2_T2.0_a0.25_frozen_seed42,hinton_kd_endo_only,R_HIST,,TransABMIL,,42,BMCLIP,CONCH,,203,0.28,2.0,0.25
0.7537,0.7313,0.814,0.6486,0.8015,0.6667,0.8077,0.7993,105,24,48,26,0.22,hinton_kd_BMCLIP_CONCH_TransABMIL_R_HIST_nol2_T6.0_a0.25_frozen_seed42,hinton_kd_endo_only,R_HIST,,TransABMIL,,42,BMCLIP,CONCH,,203,0.23,6.0,0.25
0.7537,0.7313,0.814,0.6486,0.8015,0.6667,0.8077,0.7887,105,24,48,26,0.26,hinton_kd_BMCLIP_CONCH_TransABMIL_R_HIST_nol2_T8.0_a0.25_frozen_seed42,hinton_kd_endo_only,R_HIST,,TransABMIL,,42,BMCLIP,CONCH,,203,0.3,8.0,0.25
0.8883,0.8923,0.8779,0.9067,0.9426,0.8095,0.9091,0.9497,115,16,68,7,0.49,histo_only_CONCH_ABMIL_R_HIST_nol2norm_seed42,histo_only,R_HIST,none,ABMIL,False,42,BMCLIP,CONCH,360.0,206,0.42,,
0.8544,0.8456,0.8779,0.8133,0.8915,0.7922,0.8846,0.933,115,16,61,14,0.58,histo_only_KEEP_ABMIL_R_HIST_nol2norm_seed42,histo_only,R_HIST,none,ABMIL,False,42,BMCLIP,KEEP,360.0,206,0.55,,
0.6404,0.671,0.5581,0.7838,0.8182,0.5043,0.6636,0.7102,72,57,58,16,0.62,endo_only_BMCLIP_ABMIL_R_HIST_nol2norm_seed42,endo_only,R_HIST,none,ABMIL,False,42,BMCLIP,CONCH,353.0,203,0.61,,
0.7882,0.7527,0.8837,0.6216,0.8028,0.7541,0.8413,0.8022,114,15,46,28,0.01,endo_only_GastroNetViTs_ABMIL_R_HIST_nol2norm_seed42,endo_only,R_HIST,none,ABMIL,False,42,GastroNetViTs,CONCH,353.0,203,0.17,,
0.8473,0.8424,0.8605,0.8243,0.8952,0.7722,0.8775,0.8849,111,18,61,13,0.23,fusion_BMCLIP_CONCH_TransABMIL_cat_R_HIST_nol2norm_seed42,fusion,R_HIST,cat,TransABMIL,False,42,BMCLIP,CONCH,353.0,203,0.48,,
0.8719,0.8647,0.8915,0.8378,0.9055,0.8158,0.8984,0.9313,115,14,62,12,0.38,fusion_BMCLIP_CONCH_TransABMIL_avg_R_HIST_nol2norm_seed42,fusion,R_HIST,avg,TransABMIL,False,42,BMCLIP,CONCH,353.0,203,0.35,,
0.8621,0.8655,0.8527,0.8784,0.9244,0.7738,0.8871,0.9162,110,19,65,9,0.52,fusion_BMCLIP_CONCH_TransABMIL_mhsa_R_HIST_nol2norm_seed42,fusion,R_HIST,mhsa,TransABMIL,False,42,BMCLIP,CONCH,353.0,203,0.57,,
0.9113,0.8899,0.969,0.8108,0.8993,0.9375,0.9328,0.9541,125,4,60,14,0.29,fusion_BMCLIP_CONCH_ABMIL_cat_R_HIST_nol2norm_seed42,fusion,R_HIST,cat,ABMIL,False,42,BMCLIP,CONCH,353.0,203,0.46,,
0.8818,0.8782,0.8915,0.8649,0.92,0.8205,0.9055,0.9472,115,14,64,10,0.33,fusion_BMCLIP_CONCH_ABMIL_avg_R_HIST_nol2norm_seed42,fusion,R_HIST,avg,ABMIL,False,42,BMCLIP,CONCH,353.0,203,0.41,,
0.9015,0.8879,0.938,0.8378,0.9098,0.8857,0.9237,0.9448,121,8,62,12,0.22,fusion_BMCLIP_CONCH_ABMIL_mhsa_R_HIST_nol2norm_seed42,fusion,R_HIST,mhsa,ABMIL,False,42,BMCLIP,CONCH,353.0,203,0.27,,
0.6995,0.6339,0.876,0.3919,0.7152,0.6444,0.7875,0.6571,113,16,29,45,0.53,hinton_kd_BMCLIP_CONCH_ABMIL_R_HIST_nol2_T4.0_a0.25_frozen_seed42,hinton_kd_endo_only,R_HIST,,ABMIL,,42,BMCLIP,CONCH,,203,0.58,4.0,0.25
0.8079,0.797,0.8372,0.7568,0.8571,0.7273,0.8471,0.8443,108,21,56,18,0.23,hinton_kd_GastroNetViTs_CONCH_ABMIL_R_HIST_nol2_T4.0_a0.5_frozen_seed42,hinton_kd_endo_only,R_HIST,,ABMIL,,42,GastroNetViTs,CONCH,,203,0.15,4.0,0.5
0.7192,0.6408,0.9302,0.3514,0.7143,0.7429,0.8081,0.6592,120,9,26,48,0.5,hinton_kd_BMCLIP_KEEP_ABMIL_R_HIST_nol2_T4.0_a0.5_frozen_seed42,hinton_kd_endo_only,R_HIST,,ABMIL,,42,BMCLIP,KEEP,,203,0.61,4.0,0.5
0.7734,0.7209,0.9147,0.527,0.7712,0.78,0.8369,0.7826,118,11,39,35,0.07,hinton_kd_GastroNetViTs_KEEP_ABMIL_R_HIST_nol2_T4.0_a0.5_frozen_seed42,hinton_kd_endo_only,R_HIST,,ABMIL,,42,GastroNetViTs,KEEP,,203,0.42,4.0,0.5
0.6995,0.6455,0.845,0.4459,0.7267,0.6226,0.7814,0.6784,109,20,33,41,0.55,hinton_kd_BMCLIP_CONCH_ABMIL_R_HIST_nol2_T4.0_a0.5_frozen_seed42,hinton_kd_endo_only,R_HIST,,ABMIL,,42,BMCLIP,CONCH,,203,0.58,4.0,0.5
0.8177,0.8134,0.8295,0.7973,0.877,0.7284,0.8526,0.8532,107,22,59,15,0.32,hinton_kd_GastroNetViTs_CONCH_TransABMIL_R_HIST_nol2_T4.0_a0.5_frozen_seed42,hinton_kd_endo_only,R_HIST,,TransABMIL,,42,GastroNetViTs,CONCH,,203,0.25,4.0,0.5
0.7438,0.6919,0.8837,0.5,0.755,0.7115,0.8143,0.7376,114,15,37,37,0.41,hinton_kd_BMCLIP_KEEP_TransABMIL_R_HIST_nol2_T4.0_a0.5_frozen_seed42,hinton_kd_endo_only,R_HIST,,TransABMIL,,42,BMCLIP,KEEP,,203,0.44,4.0,0.5
0.7389,0.7398,0.7364,0.7432,0.8333,0.618,0.7819,0.792,95,34,55,19,0.61,hinton_kd_GastroNetViTs_KEEP_TransABMIL_R_HIST_nol2_T4.0_a0.5_frozen_seed42,hinton_kd_endo_only,R_HIST,,TransABMIL,,42,GastroNetViTs,KEEP,,203,0.54,4.0,0.5
0.8374,0.803,0.9302,0.6757,0.8333,0.8475,0.8791,0.85,120,9,50,24,0.18,hinton_kd_GastroNetViTs_CONCH_TransABMIL_R_HIST_nol2_T4.0_a0.25_frozen_seed42,hinton_kd_endo_only,R_HIST,,TransABMIL,,42,GastroNetViTs,CONCH,,203,0.33,4.0,0.25
0.8786,0.8789,0.8779,0.88,0.9274,0.8049,0.902,0.933,115,16,66,9,0.32,histo_only_CONCH_TransABMIL_R_HIST_nol2norm_seed42,histo_only,R_HIST,none,TransABMIL,False,42,BMCLIP,CONCH,360.0,206,0.3,,
0.7291,0.7292,0.7287,0.7297,0.8246,0.6067,0.7737,0.7861,94,35,54,20,0.26,hinton_kd_BMCLIP_CONCH_TransABMIL_R_HIST_nol2_T4.0_a0.25_frozen_seed42,hinton_kd_endo_only,R_HIST,,TransABMIL,,42,BMCLIP,CONCH,,203,0.25,4.0,0.25
0.7833,0.7834,0.7829,0.7838,0.8632,0.6744,0.8211,0.8362,101,28,58,16,0.48,hinton_kd_BMCLIP_CONCH_TransABMIL_R_HIST_nol2_T4.0_a0.5_frozen_seed42,hinton_kd_endo_only,R_HIST,,TransABMIL,,42,BMCLIP,CONCH,,203,0.41,4.0,0.5
0.7488,0.7274,0.8062,0.6486,0.8,0.6575,0.8031,0.7993,104,25,48,26,0.51,hinton_kd_BMCLIP_CONCH_TransABMIL_R_HIST_nol2_T4.0_a0.75_frozen_seed42,hinton_kd_endo_only,R_HIST,,TransABMIL,,42,BMCLIP,CONCH,,203,0.48,4.0,0.75
0.7044,0.7185,0.6667,0.7703,0.835,0.57,0.7414,0.7824,86,43,57,17,0.56,hinton_kd_BMCLIP_CONCH_TransABMIL_R_HIST_nol2_T2.0_a0.5_frozen_seed42,hinton_kd_endo_only,R_HIST,,TransABMIL,,42,BMCLIP,CONCH,,203,0.36,2.0,0.5
0.734,0.759,0.6667,0.8514,0.8866,0.5943,0.7611,0.8157,86,43,63,11,0.69,hinton_kd_BMCLIP_CONCH_TransABMIL_R_HIST_nol2_T6.0_a0.5_frozen_seed42,hinton_kd_endo_only,R_HIST,,TransABMIL,,42,BMCLIP,CONCH,,203,0.56,6.0,0.5
0.7291,0.7523,0.6667,0.8378,0.8776,0.5905,0.7577,0.8104,86,43,62,12,0.68,hinton_kd_BMCLIP_CONCH_TransABMIL_R_HIST_nol2_T8.0_a0.5_frozen_seed42,hinton_kd_endo_only,R_HIST,,TransABMIL,,42,BMCLIP,CONCH,,203,0.58,8.0,0.5
0.8325,0.8269,0.8389,0.8148,0.9259,0.6471,0.8803,0.9006,125,24,44,10,0.42,endo_only_BMCLIP_TransABMIL_R_ENDOS_nol2norm_seed42,endo_only,R_ENDOS,none,TransABMIL,False,42,BMCLIP,CONCH,353.0,203,0.5,,
0.9015,0.8561,0.953,0.7593,0.9161,0.8542,0.9342,0.9022,142,7,41,13,0.36,endo_only_GastroNetViTs_TransABMIL_R_ENDOS_nol2norm_seed42,endo_only,R_ENDOS,none,TransABMIL,False,42,GastroNetViTs,CONCH,353.0,203,0.64,,
